"Date","Item_ID","Item_Type","Item_Name","Current_Stock","Min_Required","Max_Capacity","Unit_Cost","Avg_Usage_Per_Day","Restock_Lead_Time","Vendor_ID","days_on_hand","lead_time_demand","adjusted_reorder_point","inventory_status"
"2024-10-01",105,Consumable,Ventilator,1542,264,1018,4467.55,108,17,V001,14.3,1836,2203,Stockout Risk
"2024-10-02",100,Equipment,Ventilator,2487,656,3556,5832.29,55,12,V001,45.2,660,792,Healthy
"2024-10-03",103,Equipment,Surgical Mask,2371,384,5562,16062.98,470,6,V001,5.0,2820,3384,Stockout Risk
"2024-10-04",103,Consumable,Surgical Mask,2038,438,1131,744.1,207,15,V002,9.8,3105,3726,Stockout Risk
"2024-10-05",107,Equipment,IV Drip,2410,338,1013,15426.53,158,12,V003,15.3,1896,2275,Potential Overstock
"2024-10-06",109,Equipment,IV Drip,2258,402,1715,15246.06,386,26,V002,5.8,10036,12043,Stockout Risk
"2024-10-07",103,Consumable,IV Drip,387,210,3765,1631.28,207,24,V003,1.9,4968,5962,Stockout Risk
"2024-10-08",105,Equipment,IV Drip,123,502,2161,16620.81,257,11,V002,0.5,2827,3392,Stockout Risk
"2024-10-09",102,Consumable,Ventilator,790,751,1801,3441.26,16,20,V001,49.4,320,384,Healthy
"2024-10-10",104,Equipment,Gloves,2448,28,1314,2729.08,418,5,V002,5.9,2090,2508,Potential Overstock
"2024-10-11",107,Equipment,Surgical Mask,3451,12,2292,3328.44,161,21,V001,21.4,3381,4057,Potential Overstock
"2024-10-12",106,Consumable,Surgical Mask,4510,207,4298,55.66,254,8,V003,17.8,2032,2438,Potential Overstock
"2024-10-13",108,Consumable,X-ray Machine,3298,231,3736,10669.37,244,2,V001,13.5,488,586,Potential Overstock
"2024-10-14",108,Consumable,Gloves,789,515,4238,7379.83,230,24,V002,3.4,5520,6624,Stockout Risk
"2024-10-15",101,Consumable,Gloves,4719,239,2184,2865.49,198,24,V003,23.8,4752,5702,Stockout Risk
"2024-10-16",106,Equipment,Surgical Mask,3465,622,4936,17374.64,415,25,V002,8.3,10375,12450,Stockout Risk
"2024-10-17",107,Equipment,Gloves,466,372,3426,10124.28,106,26,V002,4.4,2756,3307,Stockout Risk
"2024-10-18",107,Consumable,X-ray Machine,2410,167,3633,6974.49,176,6,V002,13.7,1056,1267,Healthy
"2024-10-19",108,Consumable,Ventilator,462,165,2450,10654.65,499,23,V001,0.9,11477,13772,Stockout Risk
"2024-10-20",101,Equipment,IV Drip,4317,667,3215,16184.33,59,18,V003,73.2,1062,1274,Potential Overstock
"2024-10-21",105,Equipment,X-ray Machine,228,452,3288,3419.11,458,17,V002,0.5,7786,9343,Stockout Risk
"2024-10-22",109,Consumable,IV Drip,2912,405,2109,17313.6,374,17,V001,7.8,6358,7630,Stockout Risk
"2024-10-23",108,Consumable,Surgical Mask,2206,315,3900,11709.1,392,1,V002,5.6,392,470,Healthy
"2024-10-24",109,Consumable,Ventilator,2519,338,1419,12310.83,415,19,V003,6.1,7885,9462,Stockout Risk
"2024-10-25",104,Equipment,X-ray Machine,2730,354,4914,11771.05,342,4,V001,8.0,1368,1642,Healthy
"2024-10-26",103,Consumable,Gloves,2100,525,4644,4426.77,31,2,V002,67.7,62,74,Healthy
"2024-10-27",100,Equipment,Ventilator,835,634,2523,3695.18,426,7,V002,2.0,2982,3578,Stockout Risk
"2024-10-28",103,Consumable,X-ray Machine,4289,21,1823,9547.31,9,21,V001,476.6,189,227,Potential Overstock
"2024-10-29",105,Consumable,Ventilator,757,835,1153,7127.18,66,1,V003,11.5,66,79,Healthy
"2024-10-30",100,Equipment,Surgical Mask,1415,444,1004,4817.11,110,9,V003,12.9,990,1188,Potential Overstock
"2024-10-31",102,Consumable,Gloves,4900,665,867,11625.6,470,25,V003,10.4,11750,14100,Stockout Risk
"2024-11-01",103,Consumable,IV Drip,3215,963,1517,17123.76,265,7,V001,12.1,1855,2226,Potential Overstock
"2024-11-02",108,Consumable,IV Drip,873,141,1277,11138.18,250,12,V001,3.5,3000,3600,Stockout Risk
"2024-11-03",101,Equipment,IV Drip,2275,896,3727,18130.51,238,5,V002,9.6,1190,1428,Healthy
"2024-11-04",103,Equipment,X-ray Machine,4906,966,1497,14336.04,50,22,V001,98.1,1100,1320,Potential Overstock
"2024-11-05",103,Consumable,Ventilator,694,945,5657,18008.8,373,6,V002,1.9,2238,2686,Stockout Risk
"2024-11-06",103,Consumable,Gloves,139,520,4602,4034.61,65,8,V001,2.1,520,624,Stockout Risk
"2024-11-07",107,Consumable,Gloves,2341,991,3886,11746.94,92,24,V003,25.4,2208,2650,Healthy
"2024-11-08",100,Equipment,X-ray Machine,3745,167,5193,7093.88,51,26,V003,73.4,1326,1591,Healthy
"2024-11-09",101,Consumable,Gloves,4804,959,5623,14874.23,177,20,V001,27.1,3540,4248,Potential Overstock
"2024-11-10",109,Consumable,Gloves,3243,77,4318,8997.87,474,11,V001,6.8,5214,6257,Stockout Risk
"2024-11-11",109,Equipment,Ventilator,2706,578,3839,8243.92,158,6,V003,17.1,948,1138,Healthy
"2024-11-12",100,Consumable,Ventilator,2445,213,2961,2860.0,72,6,V003,34.0,432,518,Potential Overstock
"2024-11-13",104,Equipment,Ventilator,2902,385,5319,7091.41,27,5,V001,107.5,135,162,Healthy
"2024-11-14",107,Consumable,X-ray Machine,1457,89,5902,13356.24,480,29,V003,3.0,13920,16704,Stockout Risk
"2024-11-15",103,Consumable,X-ray Machine,437,311,4676,10175.7,399,11,V001,1.1,4389,5267,Stockout Risk
"2024-11-16",102,Equipment,X-ray Machine,1732,612,1687,10382.88,378,26,V001,4.6,9828,11794,Stockout Risk
"2024-11-17",107,Equipment,Gloves,255,89,2088,12963.49,276,13,V001,0.9,3588,4306,Stockout Risk
"2024-11-18",102,Consumable,IV Drip,2149,235,5509,5517.11,127,17,V001,16.9,2159,2591,Stockout Risk
"2024-11-19",100,Consumable,Gloves,4707,21,5808,4415.31,137,26,V001,34.4,3562,4274,Potential Overstock
"2024-11-20",100,Equipment,Ventilator,2366,513,1469,19355.19,40,6,V001,59.2,240,288,Potential Overstock
"2024-11-21",104,Equipment,IV Drip,2964,143,4695,2757.06,414,14,V002,7.2,5796,6955,Stockout Risk
"2024-11-22",105,Equipment,Surgical Mask,3728,936,5517,1620.42,280,12,V001,13.3,3360,4032,Healthy
"2024-11-23",105,Consumable,IV Drip,3842,196,2163,14073.16,334,23,V001,11.5,7682,9218,Stockout Risk
"2024-11-24",106,Consumable,Ventilator,2163,590,3726,12942.68,41,11,V002,52.8,451,541,Healthy
"2024-11-25",108,Consumable,Ventilator,2186,325,1063,7419.78,130,8,V003,16.8,1040,1248,Potential Overstock
"2024-11-26",104,Consumable,Ventilator,215,554,835,1536.19,346,1,V001,0.6,346,415,Stockout Risk
"2024-11-27",101,Consumable,Ventilator,484,815,2831,5590.96,473,25,V001,1.0,11825,14190,Stockout Risk
"2024-11-28",104,Equipment,Surgical Mask,2018,181,2680,1244.96,287,17,V002,7.0,4879,5855,Stockout Risk
"2024-11-29",109,Consumable,IV Drip,1278,647,3930,19782.43,426,28,V003,3.0,11928,14314,Stockout Risk
"2024-11-30",108,Consumable,Surgical Mask,1078,326,2651,13908.3,337,24,V001,3.2,8088,9706,Stockout Risk
"2024-12-01",101,Consumable,Gloves,1248,567,2789,8638.15,381,25,V001,3.3,9525,11430,Stockout Risk
"2024-12-02",101,Consumable,IV Drip,4032,295,2985,18394.64,319,29,V002,12.6,9251,11101,Stockout Risk
"2024-12-03",107,Consumable,Gloves,3363,260,4363,11309.13,332,25,V003,10.1,8300,9960,Stockout Risk
"2024-12-04",109,Equipment,Gloves,3456,165,5600,14225.64,360,26,V003,9.6,9360,11232,Stockout Risk
"2024-12-05",109,Equipment,Gloves,3638,753,2058,10135.64,328,21,V003,11.1,6888,8266,Stockout Risk
"2024-12-06",103,Equipment,Ventilator,4872,805,1872,16529.65,103,15,V003,47.3,1545,1854,Potential Overstock
"2024-12-07",106,Equipment,IV Drip,1024,39,4578,19648.94,470,1,V002,2.2,470,564,Healthy
"2024-12-08",107,Equipment,X-ray Machine,1277,136,5626,8242.85,473,15,V002,2.7,7095,8514,Stockout Risk
"2024-12-09",102,Consumable,IV Drip,4625,82,1409,2946.37,294,4,V001,15.7,1176,1411,Potential Overstock
"2024-12-10",100,Consumable,Ventilator,2632,85,1729,8037.19,300,23,V001,8.8,6900,8280,Stockout Risk
"2024-12-11",103,Equipment,IV Drip,4957,107,4741,15954.34,444,16,V002,11.2,7104,8525,Stockout Risk
"2024-12-12",105,Equipment,Ventilator,1542,216,978,4.23,165,9,V003,9.3,1485,1782,Potential Overstock
"2024-12-13",109,Equipment,IV Drip,3817,560,2310,19091.92,161,4,V001,23.7,644,773,Potential Overstock
"2024-12-14",104,Equipment,IV Drip,1204,277,1252,13250.46,330,5,V001,3.6,1650,1980,Stockout Risk
"2024-12-15",104,Equipment,Gloves,1711,468,5750,6213.3,242,21,V003,7.1,5082,6098,Stockout Risk
"2024-12-16",106,Equipment,Surgical Mask,1714,768,527,9796.68,256,15,V001,6.7,3840,4608,Stockout Risk
"2024-12-17",104,Equipment,IV Drip,3473,867,892,5281.82,489,29,V002,7.1,14181,17017,Stockout Risk
"2024-12-18",104,Equipment,X-ray Machine,234,42,4319,8718.91,401,5,V002,0.6,2005,2406,Stockout Risk
"2024-12-19",103,Consumable,Surgical Mask,3832,700,5827,12764.56,420,28,V001,9.1,11760,14112,Stockout Risk
"2024-12-20",104,Consumable,X-ray Machine,2288,50,715,13481.71,248,18,V002,9.2,4464,5357,Stockout Risk
"2024-12-21",104,Consumable,IV Drip,4909,208,3379,6455.81,388,28,V001,12.7,10864,13037,Stockout Risk
"2024-12-22",108,Equipment,Ventilator,2815,296,3730,459.81,40,20,V001,70.4,800,960,Healthy
"2024-12-23",104,Equipment,IV Drip,1726,672,3408,7544.2,422,25,V002,4.1,10550,12660,Stockout Risk
"2024-12-24",103,Equipment,Gloves,343,133,4482,7507.87,260,25,V002,1.3,6500,7800,Stockout Risk
"2024-12-25",107,Equipment,Ventilator,4101,597,3745,8240.78,425,4,V002,9.6,1700,2040,Potential Overstock
"2024-12-26",105,Consumable,X-ray Machine,2413,301,4856,19314.53,59,19,V001,40.9,1121,1345,Healthy
"2024-12-27",105,Consumable,IV Drip,4485,478,5480,19401.95,484,2,V002,9.3,968,1162,Potential Overstock
"2024-12-28",100,Equipment,IV Drip,3930,974,5246,2974.71,130,13,V003,30.2,1690,2028,Healthy
"2024-12-29",101,Consumable,Ventilator,1434,585,5992,18268.7,4,21,V001,358.5,84,101,Healthy
"2024-12-30",105,Equipment,IV Drip,4129,782,563,19569.2,12,8,V001,344.1,96,115,Potential Overstock
"2024-12-31",109,Equipment,Surgical Mask,3919,699,4870,5133.32,388,23,V003,10.1,8924,10709,Stockout Risk
"2025-01-01",103,Equipment,X-ray Machine,1126,894,4056,14820.61,111,13,V003,10.1,1443,1732,Stockout Risk
"2025-01-02",100,Equipment,IV Drip,2748,167,2748,3509.51,188,25,V001,14.6,4700,5640,Stockout Risk
"2025-01-03",105,Equipment,IV Drip,3846,713,4715,9439.58,141,16,V003,27.3,2256,2707,Potential Overstock
"2025-01-04",100,Consumable,Ventilator,690,839,2862,12144.29,353,1,V002,2.0,353,424,Healthy
"2025-01-05",101,Consumable,Gloves,3801,613,4285,3592.18,424,2,V002,9.0,848,1018,Potential Overstock
"2025-01-06",102,Consumable,X-ray Machine,4184,633,3969,10943.91,307,14,V001,13.6,4298,5158,Stockout Risk
"2025-01-07",104,Consumable,Surgical Mask,1556,221,5265,14776.76,257,2,V001,6.1,514,617,Healthy
"2025-01-08",102,Equipment,Surgical Mask,243,370,3138,13348.52,55,4,V002,4.4,220,264,Healthy
"2025-01-09",100,Consumable,Ventilator,1196,100,577,12615.11,55,8,V001,21.7,440,528,Potential Overstock
"2025-01-10",103,Consumable,Surgical Mask,2787,548,4514,2409.08,112,25,V002,24.9,2800,3360,Stockout Risk
"2025-01-11",102,Consumable,Gloves,4377,595,5296,19127.81,344,5,V003,12.7,1720,2064,Potential Overstock
"2025-01-12",100,Consumable,IV Drip,1395,956,1088,2818.77,200,7,V003,7.0,1400,1680,Stockout Risk
"2025-01-13",107,Equipment,X-ray Machine,1415,233,5849,12244.95,188,28,V003,7.5,5264,6317,Stockout Risk
"2025-01-14",105,Equipment,IV Drip,2532,872,4241,2591.06,322,27,V001,7.9,8694,10433,Stockout Risk
"2025-01-15",109,Equipment,Ventilator,1400,795,4671,10794.3,483,3,V003,2.9,1449,1739,Stockout Risk
"2025-01-16",100,Equipment,IV Drip,2712,721,2525,17348.74,270,14,V002,10.0,3780,4536,Stockout Risk
"2025-01-17",102,Equipment,Gloves,2087,834,2405,12605.89,441,7,V002,4.7,3087,3704,Stockout Risk
"2025-01-18",107,Consumable,Surgical Mask,534,813,2444,18171.78,31,16,V002,17.2,496,595,Healthy
"2025-01-19",102,Equipment,X-ray Machine,2249,211,4399,13171.06,342,26,V002,6.6,8892,10670,Stockout Risk
"2025-01-20",109,Consumable,Gloves,2220,742,5268,9108.27,82,17,V002,27.1,1394,1673,Healthy
"2025-01-21",102,Consumable,Ventilator,2180,825,992,9337.51,152,17,V003,14.3,2584,3101,Stockout Risk
"2025-01-22",103,Equipment,X-ray Machine,139,58,5874,4233.14,420,19,V002,0.3,7980,9576,Stockout Risk
"2025-01-23",103,Equipment,IV Drip,800,385,4292,19077.24,418,10,V003,1.9,4180,5016,Stockout Risk
"2025-01-24",102,Equipment,Ventilator,3235,977,5606,6218.86,391,26,V002,8.3,10166,12199,Stockout Risk
"2025-01-25",103,Equipment,IV Drip,205,639,4192,7999.22,25,1,V001,8.2,25,30,Healthy
"2025-01-26",104,Equipment,Gloves,1587,589,1638,596.28,35,16,V003,45.3,560,672,Potential Overstock
"2025-01-27",101,Consumable,Gloves,2363,645,4607,7760.43,105,22,V001,22.5,2310,2772,Healthy
"2025-01-28",102,Consumable,Ventilator,4261,721,2819,2334.56,442,17,V003,9.6,7514,9017,Stockout Risk
"2025-01-29",109,Equipment,Surgical Mask,1923,328,5901,3828.92,359,11,V003,5.4,3949,4739,Stockout Risk
"2025-01-30",101,Consumable,Ventilator,4541,978,5385,15790.87,458,5,V001,9.9,2290,2748,Potential Overstock
"2025-01-31",104,Consumable,Surgical Mask,2345,303,2698,9444.07,153,8,V002,15.3,1224,1469,Potential Overstock
"2025-02-01",106,Equipment,Ventilator,3627,15,1262,16754.86,222,24,V002,16.3,5328,6394,Stockout Risk
"2025-02-02",108,Equipment,Ventilator,104,619,2383,6457.32,6,18,V002,17.3,108,130,Stockout Risk
"2025-02-03",102,Equipment,X-ray Machine,1366,65,4704,7664.23,241,9,V002,5.7,2169,2603,Stockout Risk
"2025-02-04",103,Consumable,Surgical Mask,3248,486,5052,16642.78,433,7,V003,7.5,3031,3637,Healthy
"2025-02-05",100,Consumable,Surgical Mask,69,440,1359,1353.1,410,14,V002,0.2,5740,6888,Stockout Risk
"2025-02-06",100,Equipment,Gloves,1057,48,5072,16408.54,453,6,V003,2.3,2718,3262,Stockout Risk
"2025-02-07",106,Equipment,IV Drip,3831,571,3291,4108.2,239,18,V003,16.0,4302,5162,Stockout Risk
"2025-02-08",100,Consumable,Gloves,4870,274,4699,13098.78,39,6,V003,124.9,234,281,Potential Overstock
"2025-02-09",106,Consumable,Surgical Mask,258,644,599,10657.62,385,5,V001,0.7,1925,2310,Stockout Risk
"2025-02-10",103,Consumable,X-ray Machine,2754,203,4989,15785.82,316,3,V001,8.7,948,1138,Healthy
"2025-02-11",103,Equipment,Surgical Mask,2283,332,1386,15330.07,207,23,V002,11.0,4761,5713,Stockout Risk
"2025-02-12",108,Equipment,IV Drip,2194,72,1320,11508.29,74,29,V003,29.6,2146,2575,Potential Overstock
"2025-02-13",108,Consumable,IV Drip,2376,26,3871,11614.0,229,27,V002,10.4,6183,7420,Stockout Risk
"2025-02-14",108,Equipment,Ventilator,1466,199,3397,14687.35,496,18,V001,3.0,8928,10714,Stockout Risk
"2025-02-15",102,Consumable,X-ray Machine,4976,204,2318,12211.46,435,28,V001,11.4,12180,14616,Stockout Risk
"2025-02-16",103,Equipment,Gloves,1934,277,1962,11180.05,29,2,V001,66.7,58,70,Potential Overstock
"2025-02-17",102,Consumable,X-ray Machine,1243,425,1855,9954.16,400,28,V003,3.1,11200,13440,Stockout Risk
"2025-02-18",100,Equipment,Ventilator,1916,404,3520,19150.22,195,8,V001,9.8,1560,1872,Healthy
"2025-02-19",108,Equipment,Surgical Mask,152,30,2817,4425.19,37,14,V001,4.1,518,622,Stockout Risk
"2025-02-20",108,Equipment,IV Drip,1678,110,1468,8742.17,136,26,V002,12.3,3536,4243,Stockout Risk
"2025-02-21",103,Equipment,Surgical Mask,2206,792,732,8376.04,466,6,V002,4.7,2796,3355,Stockout Risk
"2025-02-22",108,Consumable,Surgical Mask,957,642,3717,11731.33,160,5,V002,6.0,800,960,Healthy
"2025-02-23",102,Consumable,Ventilator,141,62,5790,13675.82,172,27,V002,0.8,4644,5573,Stockout Risk
"2025-02-24",108,Consumable,Gloves,1891,465,3872,4455.81,42,18,V001,45.0,756,907,Healthy
"2025-02-25",104,Equipment,Surgical Mask,4729,679,3798,11237.37,464,16,V001,10.2,7424,8909,Stockout Risk
"2025-02-26",103,Equipment,IV Drip,1497,911,2239,18407.82,285,22,V003,5.3,6270,7524,Stockout Risk
"2025-02-27",100,Equipment,IV Drip,2968,280,3403,4687.32,383,8,V001,7.7,3064,3677,Stockout Risk
"2025-02-28",104,Equipment,Gloves,1147,636,5434,2216.52,183,9,V002,6.3,1647,1976,Stockout Risk
"2025-03-01",103,Consumable,Gloves,1930,760,4130,5585.01,309,19,V003,6.2,5871,7045,Stockout Risk
"2025-03-02",106,Consumable,Ventilator,4286,985,543,11055.04,119,21,V003,36.0,2499,2999,Potential Overstock
"2025-03-03",109,Consumable,X-ray Machine,2842,829,1077,9049.9,171,26,V001,16.6,4446,5335,Stockout Risk
"2025-03-04",108,Consumable,IV Drip,1299,42,3522,8807.99,249,8,V001,5.2,1992,2390,Stockout Risk
"2025-03-05",100,Consumable,Surgical Mask,3949,417,4953,13084.14,416,3,V003,9.5,1248,1498,Healthy
"2025-03-06",108,Consumable,Ventilator,4864,771,2669,18329.75,87,9,V003,55.9,783,940,Potential Overstock
"2025-03-07",105,Equipment,Gloves,3649,869,5795,3717.66,58,19,V003,62.9,1102,1322,Healthy
"2025-03-08",109,Equipment,Surgical Mask,1078,784,3744,6971.8,499,18,V001,2.2,8982,10778,Stockout Risk
"2025-03-09",100,Consumable,X-ray Machine,1766,723,3325,7703.61,24,9,V002,73.6,216,259,Healthy
"2025-03-10",109,Equipment,Gloves,3961,130,1015,3067.83,125,8,V003,31.7,1000,1200,Potential Overstock
"2025-03-11",106,Consumable,X-ray Machine,2426,75,1917,17810.15,325,2,V001,7.5,650,780,Potential Overstock
"2025-03-12",105,Consumable,X-ray Machine,3383,85,4719,18648.9,65,4,V003,52.0,260,312,Healthy
"2025-03-13",103,Equipment,IV Drip,601,865,3055,19984.16,402,27,V001,1.5,10854,13025,Stockout Risk
"2025-03-14",101,Consumable,IV Drip,385,518,5654,4744.54,199,22,V001,1.9,4378,5254,Stockout Risk
"2025-03-15",108,Equipment,X-ray Machine,3969,720,4050,1435.5,69,16,V001,57.5,1104,1325,Potential Overstock
"2025-03-16",100,Consumable,IV Drip,3931,818,5914,2967.9,204,25,V001,19.3,5100,6120,Stockout Risk
"2025-03-17",104,Consumable,Gloves,712,710,2754,16417.4,481,18,V003,1.5,8658,10390,Stockout Risk
"2025-03-18",109,Consumable,X-ray Machine,1291,46,3410,18593.6,209,20,V002,6.2,4180,5016,Stockout Risk
"2025-03-19",106,Consumable,X-ray Machine,847,918,4006,7118.28,387,26,V003,2.2,10062,12074,Stockout Risk
"2025-03-20",105,Equipment,Ventilator,1851,941,641,19249.94,203,2,V003,9.1,406,487,Potential Overstock
"2025-03-21",107,Consumable,Ventilator,3517,72,1355,15939.13,424,11,V002,8.3,4664,5597,Stockout Risk
"2025-03-22",108,Consumable,Ventilator,2991,463,1305,7070.18,167,19,V001,17.9,3173,3808,Stockout Risk
"2025-03-23",108,Equipment,Ventilator,2969,840,4433,17019.13,439,8,V002,6.8,3512,4214,Stockout Risk
"2025-03-24",109,Equipment,Surgical Mask,3844,452,4321,12820.29,253,12,V003,15.2,3036,3643,Potential Overstock
"2025-03-25",102,Consumable,Ventilator,305,598,3918,8929.95,104,6,V001,2.9,624,749,Stockout Risk
"2025-03-26",108,Consumable,Gloves,1385,540,582,9038.79,248,27,V003,5.6,6696,8035,Stockout Risk
"2025-03-27",106,Equipment,Surgical Mask,1596,394,4554,19242.41,129,9,V001,12.4,1161,1393,Healthy
"2025-03-28",106,Consumable,Gloves,1727,11,5114,5860.81,266,6,V003,6.5,1596,1915,Healthy
"2025-03-29",109,Equipment,Ventilator,4201,734,2110,13394.06,76,20,V001,55.3,1520,1824,Potential Overstock
"2025-03-30",101,Consumable,X-ray Machine,457,727,3061,16084.3,429,3,V003,1.1,1287,1544,Stockout Risk
"2025-03-31",106,Equipment,Surgical Mask,1431,612,4029,7707.98,53,22,V001,27.0,1166,1399,Healthy
"2025-04-01",108,Consumable,X-ray Machine,1661,122,4772,9286.07,210,5,V002,7.9,1050,1260,Healthy
"2025-04-02",108,Equipment,Gloves,1959,117,754,12845.61,357,25,V003,5.5,8925,10710,Stockout Risk
"2025-04-03",103,Equipment,Gloves,4298,159,5767,11755.83,362,2,V002,11.9,724,869,Healthy
"2025-04-04",102,Equipment,Surgical Mask,3459,600,3381,14664.65,176,1,V001,19.7,176,211,Potential Overstock
"2025-04-05",103,Consumable,Gloves,3268,279,2535,17113.0,198,25,V001,16.5,4950,5940,Stockout Risk
"2025-04-06",106,Equipment,Surgical Mask,4209,77,2264,10835.1,490,14,V002,8.6,6860,8232,Stockout Risk
"2025-04-07",103,Consumable,Gloves,1615,883,1431,19188.41,49,16,V001,33.0,784,941,Potential Overstock
"2025-04-08",106,Equipment,X-ray Machine,3043,411,2813,5623.07,423,25,V001,7.2,10575,12690,Stockout Risk
"2025-04-09",105,Equipment,IV Drip,4643,271,5341,1335.6,37,5,V001,125.5,185,222,Potential Overstock
"2025-04-10",107,Consumable,Ventilator,2460,36,513,7687.38,389,1,V002,6.3,389,467,Potential Overstock
"2025-04-11",100,Consumable,Ventilator,4249,713,5033,19281.88,252,5,V003,16.9,1260,1512,Potential Overstock
"2025-04-12",108,Consumable,IV Drip,3389,421,5580,15278.79,498,29,V003,6.8,14442,17330,Stockout Risk
"2025-04-13",104,Equipment,IV Drip,362,759,1278,3938.24,204,19,V003,1.8,3876,4651,Stockout Risk
"2025-04-14",106,Equipment,Surgical Mask,1362,947,4717,19594.12,40,24,V001,34.1,960,1152,Healthy
"2025-04-15",105,Consumable,Gloves,423,535,1823,14048.5,222,21,V001,1.9,4662,5594,Stockout Risk
"2025-04-16",108,Consumable,X-ray Machine,883,823,4185,15984.82,236,5,V002,3.7,1180,1416,Stockout Risk
"2025-04-17",102,Consumable,Ventilator,2123,442,4764,1077.86,191,6,V002,11.1,1146,1375,Healthy
"2025-04-18",103,Consumable,IV Drip,4094,578,1768,14453.29,174,15,V002,23.5,2610,3132,Potential Overstock
"2025-04-19",109,Consumable,IV Drip,3018,68,5379,9672.78,460,23,V002,6.6,10580,12696,Stockout Risk
"2025-04-20",107,Consumable,IV Drip,4293,27,1538,15898.63,299,16,V001,14.4,4784,5741,Stockout Risk
"2025-04-21",105,Equipment,Gloves,998,224,3017,14321.3,161,20,V002,6.2,3220,3864,Stockout Risk
"2025-04-22",103,Consumable,X-ray Machine,2554,873,500,3528.79,386,13,V002,6.6,5018,6022,Stockout Risk
"2025-04-23",104,Consumable,IV Drip,4192,995,5911,18374.44,237,8,V002,17.7,1896,2275,Healthy
"2025-04-24",105,Consumable,X-ray Machine,4181,230,3970,11554.34,176,1,V003,23.8,176,211,Potential Overstock
"2025-04-25",103,Consumable,Ventilator,2307,215,2298,7714.83,163,26,V001,14.2,4238,5086,Stockout Risk
"2025-04-26",103,Equipment,Surgical Mask,1225,401,1100,4554.51,299,21,V002,4.1,6279,7535,Stockout Risk
"2025-04-27",107,Consumable,Surgical Mask,2159,292,4074,15670.89,299,21,V001,7.2,6279,7535,Stockout Risk
"2025-04-28",109,Consumable,Ventilator,1255,283,5623,19414.06,365,27,V002,3.4,9855,11826,Stockout Risk
"2025-04-29",109,Consumable,Surgical Mask,4670,718,1848,14710.54,203,6,V003,23.0,1218,1462,Potential Overstock
"2025-04-30",109,Equipment,IV Drip,4652,565,1625,12197.47,427,11,V003,10.9,4697,5636,Stockout Risk
"2025-05-01",107,Equipment,Gloves,2208,441,2447,19006.75,253,25,V001,8.7,6325,7590,Stockout Risk
"2025-05-02",103,Consumable,Surgical Mask,729,744,5222,14231.58,233,12,V002,3.1,2796,3355,Stockout Risk
"2025-05-03",102,Equipment,Ventilator,1308,135,2525,9129.72,47,22,V003,27.8,1034,1241,Healthy
"2025-05-04",103,Consumable,Gloves,1951,358,925,6433.42,488,29,V002,4.0,14152,16982,Stockout Risk
"2025-05-05",109,Consumable,Ventilator,3037,515,5377,3774.51,464,7,V002,6.5,3248,3898,Stockout Risk
"2025-05-06",107,Consumable,IV Drip,644,850,1637,17473.68,110,2,V003,5.9,220,264,Healthy
"2025-05-07",107,Equipment,Ventilator,1536,708,2949,14457.92,219,21,V003,7.0,4599,5519,Stockout Risk
"2025-05-08",105,Consumable,IV Drip,151,805,862,19561.59,106,14,V003,1.4,1484,1781,Stockout Risk
"2025-05-09",101,Consumable,Surgical Mask,2474,16,1470,1504.53,41,16,V001,60.3,656,787,Potential Overstock
"2025-05-10",102,Consumable,Gloves,4330,913,4919,6294.82,109,16,V001,39.7,1744,2093,Potential Overstock
"2025-05-11",102,Equipment,X-ray Machine,2132,703,5903,8129.55,369,12,V001,5.8,4428,5314,Stockout Risk
"2025-05-12",108,Equipment,Gloves,1036,897,4528,19250.87,337,22,V001,3.1,7414,8897,Stockout Risk
"2025-05-13",101,Equipment,X-ray Machine,573,514,5251,11815.94,428,4,V003,1.3,1712,2054,Stockout Risk
"2025-05-14",105,Consumable,Surgical Mask,2718,36,1246,13601.84,349,10,V003,7.8,3490,4188,Stockout Risk
"2025-05-15",108,Consumable,Ventilator,3261,645,4262,5417.61,449,23,V003,7.3,10327,12392,Stockout Risk
"2025-05-16",104,Equipment,IV Drip,2458,725,840,5150.14,64,25,V002,38.4,1600,1920,Potential Overstock
"2025-05-17",100,Consumable,IV Drip,4016,815,1064,6855.76,45,24,V003,89.2,1080,1296,Potential Overstock
"2025-05-18",102,Equipment,IV Drip,3299,103,2445,1680.4,382,5,V003,8.6,1910,2292,Potential Overstock
"2025-05-19",105,Equipment,Surgical Mask,4094,443,4768,18790.34,131,29,V003,31.3,3799,4559,Potential Overstock
"2025-05-20",105,Consumable,Surgical Mask,4092,542,4677,8103.52,23,27,V003,177.9,621,745,Potential Overstock
"2025-05-21",100,Consumable,X-ray Machine,4732,487,1145,4010.43,381,24,V003,12.4,9144,10973,Stockout Risk
"2025-05-22",108,Consumable,Gloves,3261,897,1211,6876.61,409,25,V001,8.0,10225,12270,Stockout Risk
"2025-05-23",101,Consumable,Gloves,4860,450,4851,3916.18,429,18,V001,11.3,7722,9266,Stockout Risk
"2025-05-24",101,Consumable,Ventilator,3582,967,3921,5117.16,340,21,V003,10.5,7140,8568,Stockout Risk
"2025-05-25",100,Consumable,X-ray Machine,2851,449,606,15152.04,223,6,V002,12.8,1338,1606,Potential Overstock
"2025-05-26",103,Consumable,Surgical Mask,2466,742,1254,4760.82,462,22,V002,5.3,10164,12197,Stockout Risk
"2025-05-27",108,Consumable,Surgical Mask,1596,161,2127,13977.02,392,15,V002,4.1,5880,7056,Stockout Risk
"2025-05-28",108,Equipment,IV Drip,820,707,5780,11867.51,212,20,V002,3.9,4240,5088,Stockout Risk
"2025-05-29",104,Consumable,X-ray Machine,1451,659,1437,2902.09,228,9,V003,6.4,2052,2462,Stockout Risk
"2025-05-30",104,Equipment,X-ray Machine,125,650,3782,15274.29,310,4,V002,0.4,1240,1488,Stockout Risk
"2025-05-31",100,Consumable,Surgical Mask,2016,624,5009,17057.52,319,6,V001,6.3,1914,2297,Healthy
"2025-06-01",109,Equipment,X-ray Machine,3173,413,4582,19119.77,414,4,V002,7.7,1656,1987,Healthy
"2025-06-02",103,Consumable,IV Drip,4059,465,5984,19180.01,213,21,V002,19.1,4473,5368,Stockout Risk
"2025-06-03",107,Consumable,IV Drip,4140,60,3197,14127.56,9,7,V002,460.0,63,76,Potential Overstock
"2025-06-04",103,Consumable,Surgical Mask,3765,560,4650,5827.25,459,2,V002,8.2,918,1102,Potential Overstock
"2025-06-05",102,Equipment,Surgical Mask,2370,973,3452,758.71,298,26,V001,8.0,7748,9298,Stockout Risk
"2025-06-06",101,Consumable,X-ray Machine,3928,774,2709,7804.91,419,10,V002,9.4,4190,5028,Stockout Risk
"2025-06-07",101,Equipment,X-ray Machine,4406,424,1029,14662.67,175,13,V001,25.2,2275,2730,Potential Overstock
"2025-06-08",102,Equipment,Gloves,965,559,5093,18812.8,446,24,V002,2.2,10704,12845,Stockout Risk
"2025-06-09",101,Consumable,X-ray Machine,4739,962,2979,2271.25,204,23,V001,23.2,4692,5630,Potential Overstock
"2025-06-10",104,Consumable,X-ray Machine,3266,904,4100,10845.07,254,6,V003,12.9,1524,1829,Healthy
"2025-06-11",102,Consumable,Ventilator,2480,655,3634,9495.74,201,3,V001,12.3,603,724,Healthy
"2025-06-12",105,Equipment,Surgical Mask,714,69,5435,915.04,118,26,V001,6.1,3068,3682,Stockout Risk
"2025-06-13",105,Consumable,X-ray Machine,1341,986,4594,13013.72,312,28,V002,4.3,8736,10483,Stockout Risk
"2025-06-14",105,Equipment,Ventilator,200,484,1610,17451.66,470,15,V001,0.4,7050,8460,Stockout Risk
"2025-06-15",102,Equipment,X-ray Machine,3694,455,3055,9237.32,245,20,V001,15.1,4900,5880,Stockout Risk
"2025-06-16",105,Equipment,Surgical Mask,1293,809,1789,10465.55,69,6,V001,18.7,414,497,Healthy
"2025-06-17",107,Consumable,Gloves,4788,976,4514,3556.21,304,27,V002,15.8,8208,9850,Stockout Risk
"2025-06-18",107,Equipment,IV Drip,1638,355,5248,2422.81,8,25,V003,204.8,200,240,Healthy
"2025-06-19",106,Consumable,Surgical Mask,2442,213,5708,12277.15,249,29,V003,9.8,7221,8665,Stockout Risk
"2025-06-20",101,Consumable,Surgical Mask,3015,667,1897,14328.34,313,29,V002,9.6,9077,10892,Stockout Risk
"2025-06-21",106,Consumable,Ventilator,2513,41,2954,5750.42,86,4,V003,29.2,344,413,Potential Overstock
"2025-06-22",107,Consumable,Ventilator,805,681,3105,9989.26,87,16,V002,9.3,1392,1670,Stockout Risk
"2025-06-23",102,Consumable,Ventilator,3784,94,2325,19161.21,327,2,V002,11.6,654,785,Potential Overstock
"2025-06-24",103,Equipment,Gloves,3758,100,1202,666.95,20,26,V001,187.9,520,624,Potential Overstock
"2025-06-25",101,Consumable,Ventilator,1372,49,3385,4716.65,172,23,V002,8.0,3956,4747,Stockout Risk
"2025-06-26",109,Consumable,Surgical Mask,2833,767,5233,2061.51,327,11,V003,8.7,3597,4316,Stockout Risk
"2025-06-27",105,Consumable,Ventilator,360,188,5696,16439.94,353,8,V002,1.0,2824,3389,Stockout Risk
"2025-06-28",109,Equipment,X-ray Machine,2692,596,1181,19844.87,358,9,V001,7.5,3222,3866,Stockout Risk
"2025-06-29",109,Equipment,X-ray Machine,3913,304,2944,3195.0,343,18,V001,11.4,6174,7409,Stockout Risk
"2025-06-30",102,Consumable,IV Drip,351,590,4281,15038.14,362,26,V003,1.0,9412,11294,Stockout Risk
"2025-07-01",100,Equipment,X-ray Machine,2021,389,2269,5747.94,278,8,V003,7.3,2224,2669,Stockout Risk
"2025-07-02",109,Consumable,IV Drip,1389,561,3237,6575.23,245,20,V003,5.7,4900,5880,Stockout Risk
"2025-07-03",101,Equipment,X-ray Machine,2014,137,4405,18597.0,140,8,V001,14.4,1120,1344,Healthy
"2025-07-04",109,Consumable,Gloves,1228,217,2942,14250.61,172,10,V002,7.1,1720,2064,Stockout Risk
"2025-07-05",100,Equipment,IV Drip,3754,23,4794,16241.58,68,21,V002,55.2,1428,1714,Healthy
"2025-07-06",106,Equipment,X-ray Machine,2727,173,2655,9095.5,225,2,V001,12.1,450,540,Potential Overstock
"2025-07-07",100,Consumable,IV Drip,4779,496,5318,6545.59,414,18,V002,11.5,7452,8942,Stockout Risk
"2025-07-08",104,Equipment,IV Drip,466,901,5223,2766.57,406,25,V002,1.1,10150,12180,Stockout Risk
"2025-07-09",108,Consumable,X-ray Machine,1872,405,5050,12507.75,210,29,V002,8.9,6090,7308,Stockout Risk
"2025-07-10",104,Equipment,Surgical Mask,3449,369,3482,13596.86,326,11,V001,10.6,3586,4303,Stockout Risk
"2025-07-11",103,Consumable,Ventilator,4242,341,5310,18607.98,240,13,V002,17.7,3120,3744,Healthy
"2025-07-12",103,Consumable,IV Drip,1775,832,4339,2503.52,476,16,V003,3.7,7616,9139,Stockout Risk
"2025-07-13",108,Equipment,IV Drip,563,430,4955,14741.34,258,3,V001,2.2,774,929,Stockout Risk
"2025-07-14",108,Consumable,IV Drip,3624,92,2332,10931.03,162,1,V001,22.4,162,194,Potential Overstock
"2025-07-15",107,Consumable,Ventilator,2463,213,540,9146.87,425,25,V002,5.8,10625,12750,Stockout Risk
"2025-07-16",100,Consumable,IV Drip,3240,701,4690,15058.49,364,22,V003,8.9,8008,9610,Stockout Risk
"2025-07-17",103,Equipment,IV Drip,2572,172,4591,12145.71,104,6,V001,24.7,624,749,Healthy
"2025-07-18",108,Consumable,X-ray Machine,1089,964,2646,2055.54,250,20,V002,4.4,5000,6000,Stockout Risk
"2025-07-19",107,Equipment,Surgical Mask,1276,90,5167,8383.42,172,1,V001,7.4,172,206,Healthy
"2025-07-20",107,Consumable,Gloves,3801,550,3149,19913.41,52,18,V001,73.1,936,1123,Potential Overstock
"2025-07-21",101,Consumable,Gloves,156,403,2447,15351.22,486,24,V001,0.3,11664,13997,Stockout Risk
"2025-07-22",108,Consumable,Ventilator,4402,879,1196,15251.73,351,15,V003,12.5,5265,6318,Stockout Risk
"2025-07-23",104,Equipment,Gloves,1667,18,5550,18444.16,467,21,V003,3.6,9807,11768,Stockout Risk
"2025-07-24",107,Consumable,Surgical Mask,3308,155,1811,14587.84,439,27,V003,7.5,11853,14224,Stockout Risk
"2025-07-25",100,Consumable,Gloves,3134,762,3364,16959.77,464,5,V003,6.8,2320,2784,Potential Overstock
"2025-07-26",104,Equipment,Surgical Mask,481,246,2674,8021.97,253,5,V003,1.9,1265,1518,Stockout Risk
"2025-07-27",109,Equipment,Surgical Mask,840,230,4983,8003.19,308,13,V003,2.7,4004,4805,Stockout Risk
"2025-07-28",100,Equipment,X-ray Machine,4518,675,4916,19140.66,430,13,V002,10.5,5590,6708,Stockout Risk
"2025-07-29",106,Consumable,Gloves,2068,360,5099,15149.99,233,5,V003,8.9,1165,1398,Healthy
"2025-07-30",104,Equipment,IV Drip,3932,133,2203,9426.57,350,16,V003,11.2,5600,6720,Stockout Risk
"2025-07-31",102,Consumable,Ventilator,3446,111,5632,9792.19,133,6,V001,25.9,798,958,Healthy
"2025-08-01",104,Equipment,IV Drip,4012,709,3400,332.31,185,23,V001,21.7,4255,5106,Stockout Risk
"2025-08-02",106,Equipment,Gloves,880,389,4031,4595.06,433,25,V003,2.0,10825,12990,Stockout Risk
"2025-08-03",103,Equipment,Gloves,3926,69,4966,9426.31,377,14,V003,10.4,5278,6334,Stockout Risk
"2025-08-04",103,Equipment,IV Drip,3973,196,5539,5876.33,491,21,V001,8.1,10311,12373,Stockout Risk
"2025-08-05",107,Equipment,X-ray Machine,2270,284,4909,19636.33,405,21,V001,5.6,8505,10206,Stockout Risk
"2025-08-06",108,Consumable,Gloves,771,534,2697,2310.89,273,27,V001,2.8,7371,8845,Stockout Risk
"2025-08-07",105,Consumable,X-ray Machine,2338,907,4448,10111.41,54,29,V001,43.3,1566,1879,Healthy
"2025-08-08",100,Equipment,Ventilator,248,293,1024,198.75,470,8,V001,0.5,3760,4512,Stockout Risk
"2025-08-09",108,Consumable,Gloves,312,532,1157,5450.73,195,15,V001,1.6,2925,3510,Stockout Risk
"2025-08-10",105,Equipment,IV Drip,3554,973,2147,4489.01,405,24,V001,8.8,9720,11664,Stockout Risk
"2025-08-11",104,Consumable,X-ray Machine,4223,967,2997,12101.98,494,21,V002,8.5,10374,12449,Stockout Risk
"2025-08-12",107,Consumable,Ventilator,2491,794,1817,17744.44,441,6,V003,5.6,2646,3175,Stockout Risk
"2025-08-13",104,Equipment,Surgical Mask,519,293,1291,11329.09,409,8,V003,1.3,3272,3926,Stockout Risk
"2025-08-14",101,Equipment,Ventilator,1908,646,5505,12882.23,300,5,V001,6.4,1500,1800,Healthy
"2025-08-15",103,Consumable,X-ray Machine,1238,784,636,5598.83,341,16,V003,3.6,5456,6547,Stockout Risk
"2025-08-16",103,Consumable,Gloves,334,522,2758,6177.68,238,10,V001,1.4,2380,2856,Stockout Risk
"2025-08-17",109,Consumable,Gloves,1020,17,4353,9980.36,192,6,V002,5.3,1152,1382,Stockout Risk
"2025-08-18",102,Equipment,Surgical Mask,1588,675,3962,11371.41,16,26,V002,99.3,416,499,Healthy
"2025-08-19",105,Equipment,X-ray Machine,2519,77,911,10926.81,354,2,V003,7.1,708,850,Potential Overstock
"2025-08-20",102,Consumable,Gloves,1808,837,3737,5201.3,281,21,V002,6.4,5901,7081,Stockout Risk
"2025-08-21",103,Consumable,Gloves,4099,770,919,2919.89,345,1,V001,11.9,345,414,Potential Overstock
"2025-08-22",105,Consumable,X-ray Machine,1589,382,4238,7367.76,361,2,V002,4.4,722,866,Healthy
"2025-08-23",107,Consumable,Ventilator,161,521,1472,15682.5,92,20,V001,1.8,1840,2208,Stockout Risk
"2025-08-24",102,Consumable,IV Drip,1829,430,2849,11922.86,318,10,V003,5.8,3180,3816,Stockout Risk
"2025-08-25",107,Consumable,Ventilator,4740,438,4420,3637.87,132,3,V001,35.9,396,475,Potential Overstock
"2025-08-26",101,Equipment,X-ray Machine,4964,735,3886,4664.74,404,17,V003,12.3,6868,8242,Stockout Risk
"2025-08-27",106,Equipment,Ventilator,2031,635,3314,18083.89,141,24,V003,14.4,3384,4061,Stockout Risk
"2025-08-28",105,Equipment,Gloves,2588,768,1246,7924.06,115,27,V001,22.5,3105,3726,Stockout Risk
"2025-08-29",100,Equipment,X-ray Machine,4174,521,1468,17074.09,301,19,V003,13.9,5719,6863,Stockout Risk
"2025-08-30",100,Equipment,Gloves,1877,210,3012,19549.43,331,26,V003,5.7,8606,10327,Stockout Risk
"2025-08-31",103,Equipment,Gloves,359,633,3817,7157.67,394,27,V002,0.9,10638,12766,Stockout Risk
"2025-09-01",101,Equipment,Gloves,3916,176,3441,258.85,192,11,V002,20.4,2112,2534,Potential Overstock
"2025-09-02",109,Equipment,Ventilator,3491,948,5566,14555.91,477,17,V001,7.3,8109,9731,Stockout Risk
"2025-09-03",109,Consumable,IV Drip,3936,686,2435,9709.02,374,18,V001,10.5,6732,8078,Stockout Risk
"2025-09-04",106,Consumable,Surgical Mask,4343,78,986,17748.49,175,9,V003,24.8,1575,1890,Potential Overstock
"2025-09-05",106,Consumable,IV Drip,177,101,5452,3385.0,224,29,V002,0.8,6496,7795,Stockout Risk
"2025-09-06",107,Consumable,Surgical Mask,221,791,3380,4865.33,472,18,V003,0.5,8496,10195,Stockout Risk
"2025-09-07",108,Consumable,X-ray Machine,1157,663,4558,9433.1,398,27,V001,2.9,10746,12895,Stockout Risk
"2025-09-08",108,Consumable,IV Drip,4208,947,3464,2715.95,70,18,V001,60.1,1260,1512,Potential Overstock
"2025-09-09",107,Consumable,Surgical Mask,3324,338,5603,7207.0,174,6,V002,19.1,1044,1253,Healthy
"2025-09-10",100,Equipment,Gloves,1293,656,3747,311.77,489,10,V003,2.6,4890,5868,Stockout Risk
"2025-09-11",108,Consumable,X-ray Machine,4885,360,2994,16035.71,136,7,V002,35.9,952,1142,Potential Overstock
"2025-09-12",106,Equipment,IV Drip,2962,150,4949,2014.53,298,13,V001,9.9,3874,4649,Stockout Risk
"2025-09-13",108,Consumable,Ventilator,4312,620,3596,11917.36,111,7,V001,38.8,777,932,Potential Overstock
"2025-09-14",109,Equipment,X-ray Machine,3877,909,3270,5245.0,401,16,V002,9.7,6416,7699,Stockout Risk
"2025-09-15",108,Consumable,Gloves,3504,242,5948,600.78,179,25,V002,19.6,4475,5370,Stockout Risk
"2025-09-16",103,Equipment,Gloves,3859,538,3771,2194.35,296,2,V003,13.0,592,710,Potential Overstock
"2025-09-17",106,Equipment,Gloves,3951,271,797,13984.45,36,15,V002,109.8,540,648,Potential Overstock
"2025-09-18",101,Consumable,Surgical Mask,3931,562,1847,17821.3,363,6,V003,10.8,2178,2614,Potential Overstock
"2025-09-19",107,Equipment,IV Drip,2453,449,3699,1094.03,285,10,V001,8.6,2850,3420,Stockout Risk
"2025-09-20",104,Equipment,X-ray Machine,2348,935,4203,5629.09,118,6,V002,19.9,708,850,Healthy
"2025-09-21",109,Consumable,IV Drip,2842,703,4831,7968.93,82,7,V002,34.7,574,689,Healthy
"2025-09-22",102,Equipment,IV Drip,329,288,5644,19573.66,38,12,V003,8.7,456,547,Stockout Risk
"2025-09-23",100,Consumable,Surgical Mask,1196,367,4168,8853.64,2,26,V003,598.0,52,62,Healthy
"2025-09-24",108,Consumable,Surgical Mask,3962,545,4002,16497.31,466,17,V003,8.5,7922,9506,Stockout Risk
"2025-09-25",102,Consumable,Gloves,3675,261,5140,5622.76,287,20,V001,12.8,5740,6888,Stockout Risk
"2025-09-26",107,Equipment,IV Drip,3359,900,5398,9363.66,35,27,V002,96.0,945,1134,Healthy
"2025-09-27",108,Equipment,Surgical Mask,4974,942,1360,16517.32,373,24,V002,13.3,8952,10742,Stockout Risk
"2025-09-28",104,Consumable,Gloves,865,757,728,15373.96,4,19,V003,216.3,76,91,Potential Overstock
"2025-09-29",104,Consumable,X-ray Machine,1729,197,5446,4771.7,418,26,V001,4.1,10868,13042,Stockout Risk
"2025-09-30",101,Equipment,Surgical Mask,2704,44,1579,5054.72,172,17,V002,15.7,2924,3509,Stockout Risk
"2025-10-01",107,Consumable,Surgical Mask,2071,976,3095,10969.69,346,10,V001,6.0,3460,4152,Stockout Risk
"2025-10-02",106,Consumable,X-ray Machine,860,400,855,18760.33,2,11,V003,430.0,22,26,Potential Overstock
"2025-10-03",109,Equipment,X-ray Machine,562,354,5849,2399.0,355,10,V003,1.6,3550,4260,Stockout Risk
"2025-10-04",104,Consumable,Surgical Mask,3000,598,2903,15441.35,441,10,V001,6.8,4410,5292,Stockout Risk
"2025-10-05",101,Equipment,X-ray Machine,4879,27,5410,14752.14,306,8,V001,15.9,2448,2938,Potential Overstock
"2025-10-06",105,Equipment,X-ray Machine,3189,617,591,17015.59,104,27,V001,30.7,2808,3370,Potential Overstock
"2025-10-07",109,Consumable,Gloves,4433,570,2610,17784.06,297,24,V001,14.9,7128,8554,Stockout Risk
"2025-10-08",107,Consumable,Surgical Mask,2895,815,997,17668.57,83,23,V001,34.9,1909,2291,Potential Overstock
"2025-10-09",101,Equipment,X-ray Machine,2037,10,2799,18018.37,42,11,V001,48.5,462,554,Healthy
"2025-10-10",103,Equipment,Gloves,4143,468,3138,19614.11,311,12,V003,13.3,3732,4478,Potential Overstock
"2025-10-11",105,Equipment,Surgical Mask,1336,635,5470,6648.92,470,8,V001,2.8,3760,4512,Stockout Risk
"2025-10-12",107,Consumable,Surgical Mask,4379,886,4647,18580.26,176,28,V001,24.9,4928,5914,Stockout Risk
"2025-10-13",103,Consumable,Surgical Mask,3607,14,1402,18951.23,93,1,V002,38.8,93,112,Potential Overstock
"2025-10-14",106,Equipment,X-ray Machine,4413,617,3227,12963.82,384,23,V003,11.5,8832,10598,Stockout Risk
"2025-10-15",106,Consumable,X-ray Machine,3459,966,3040,13291.98,450,1,V003,7.7,450,540,Potential Overstock
"2025-10-16",107,Consumable,IV Drip,2921,649,800,7171.49,298,3,V003,9.8,894,1073,Potential Overstock
"2025-10-17",109,Equipment,Gloves,1373,532,2366,14906.21,295,23,V001,4.7,6785,8142,Stockout Risk
"2025-10-18",101,Equipment,IV Drip,4678,807,3281,12051.42,397,16,V001,11.8,6352,7622,Stockout Risk
"2025-10-19",109,Consumable,Gloves,4621,875,1346,15726.49,208,9,V001,22.2,1872,2246,Potential Overstock
"2025-10-20",106,Consumable,Ventilator,561,883,1652,3070.7,413,16,V001,1.4,6608,7930,Stockout Risk
"2025-10-21",100,Consumable,IV Drip,2729,250,3828,16291.95,282,25,V002,9.7,7050,8460,Stockout Risk
"2025-10-22",103,Consumable,Surgical Mask,4416,535,2408,14467.77,252,23,V001,17.5,5796,6955,Stockout Risk
"2025-10-23",108,Equipment,Ventilator,320,285,2617,10919.13,243,20,V001,1.3,4860,5832,Stockout Risk
"2025-10-24",104,Equipment,Ventilator,2178,51,5293,5194.7,54,15,V002,40.3,810,972,Healthy
"2025-10-25",101,Equipment,Ventilator,497,214,1810,1953.94,471,3,V001,1.1,1413,1696,Stockout Risk
"2025-10-26",104,Equipment,Gloves,4519,438,3334,9696.92,192,4,V001,23.5,768,922,Potential Overstock
"2025-10-27",105,Consumable,X-ray Machine,93,61,5214,2892.86,348,2,V002,0.3,696,835,Stockout Risk
"2025-10-28",100,Consumable,X-ray Machine,3849,117,516,15235.58,78,11,V001,49.3,858,1030,Potential Overstock
"2025-10-29",103,Equipment,Ventilator,2633,154,2411,18491.22,162,5,V001,16.3,810,972,Potential Overstock
"2025-10-30",101,Consumable,X-ray Machine,3410,514,3909,16406.52,463,1,V001,7.4,463,556,Potential Overstock
"2025-10-31",104,Consumable,Surgical Mask,2931,764,5823,6609.51,374,25,V003,7.8,9350,11220,Stockout Risk
"2025-11-01",104,Equipment,X-ray Machine,2887,943,2557,2920.51,393,19,V001,7.3,7467,8960,Stockout Risk
"2025-11-02",104,Consumable,Gloves,4587,536,2429,158.76,197,7,V001,23.3,1379,1655,Potential Overstock
"2025-11-03",100,Consumable,Ventilator,2678,686,1600,13273.33,47,24,V001,57.0,1128,1354,Potential Overstock
"2025-11-04",100,Consumable,IV Drip,1050,124,2228,3752.65,119,13,V003,8.8,1547,1856,Stockout Risk
"2025-11-05",108,Equipment,Surgical Mask,4057,142,5851,14331.23,342,16,V002,11.9,5472,6566,Stockout Risk
"2025-11-06",104,Consumable,IV Drip,4938,313,2448,11508.87,174,27,V002,28.4,4698,5638,Potential Overstock
"2025-11-07",106,Equipment,Ventilator,2440,906,2282,9400.61,477,24,V001,5.1,11448,13738,Stockout Risk
"2025-11-08",109,Equipment,Ventilator,4070,827,3393,15350.9,279,25,V002,14.6,6975,8370,Stockout Risk
"2025-11-09",103,Consumable,IV Drip,3596,943,5451,19621.33,271,17,V001,13.3,4607,5528,Stockout Risk
"2025-11-10",103,Equipment,Ventilator,3770,264,3502,2572.32,257,19,V003,14.7,4883,5860,Stockout Risk
"2025-11-11",102,Equipment,Ventilator,2871,469,3181,11010.6,435,14,V002,6.6,6090,7308,Stockout Risk
"2025-11-12",101,Consumable,Ventilator,4488,822,3983,6264.8,486,2,V003,9.2,972,1166,Potential Overstock
"2025-11-13",102,Consumable,X-ray Machine,300,591,2399,559.59,183,23,V002,1.6,4209,5051,Stockout Risk
"2025-11-14",101,Consumable,X-ray Machine,3716,370,4749,587.41,179,4,V003,20.8,716,859,Healthy
"2025-11-15",103,Consumable,Gloves,2672,504,2060,11552.65,394,27,V003,6.8,10638,12766,Stockout Risk
"2025-11-16",104,Consumable,IV Drip,1615,794,4345,1658.77,290,7,V001,5.6,2030,2436,Stockout Risk
"2025-11-17",101,Equipment,Surgical Mask,189,282,5654,879.04,245,8,V001,0.8,1960,2352,Stockout Risk
"2025-11-18",101,Equipment,IV Drip,2256,788,576,3457.98,41,26,V002,55.0,1066,1279,Potential Overstock
"2025-11-19",100,Equipment,IV Drip,377,527,3759,9197.56,169,21,V003,2.2,3549,4259,Stockout Risk
"2025-11-20",107,Consumable,Gloves,3692,929,4127,10015.6,244,17,V002,15.1,4148,4978,Stockout Risk
"2025-11-21",108,Equipment,X-ray Machine,715,953,1475,18305.37,392,25,V001,1.8,9800,11760,Stockout Risk
"2025-11-22",104,Equipment,Surgical Mask,542,589,1327,8393.67,411,3,V003,1.3,1233,1480,Stockout Risk
"2025-11-23",103,Consumable,Surgical Mask,872,176,3849,2156.02,158,29,V001,5.5,4582,5498,Stockout Risk
"2025-11-24",105,Equipment,Gloves,389,284,2048,4618.7,435,11,V002,0.9,4785,5742,Stockout Risk
"2025-11-25",106,Consumable,Ventilator,2271,104,3428,18908.2,186,20,V003,12.2,3720,4464,Stockout Risk
"2025-11-26",103,Consumable,IV Drip,1451,474,1145,11903.24,18,3,V001,80.6,54,65,Potential Overstock
"2025-11-27",102,Consumable,IV Drip,540,809,2160,7107.17,127,25,V003,4.3,3175,3810,Stockout Risk
"2025-11-28",109,Consumable,Surgical Mask,934,436,2827,17854.28,267,1,V003,3.5,267,320,Healthy
"2025-11-29",108,Equipment,IV Drip,4131,57,3363,6011.83,300,7,V002,13.8,2100,2520,Potential Overstock
"2025-11-30",101,Equipment,Surgical Mask,901,287,2542,17621.95,447,14,V001,2.0,6258,7510,Stockout Risk
"2025-12-01",104,Equipment,X-ray Machine,2347,65,4346,2423.11,226,7,V003,10.4,1582,1898,Healthy
"2025-12-02",100,Equipment,X-ray Machine,2647,340,568,18764.62,450,26,V002,5.9,11700,14040,Stockout Risk
"2025-12-03",108,Equipment,Surgical Mask,926,118,5821,18753.76,231,28,V001,4.0,6468,7762,Stockout Risk
"2025-12-04",103,Consumable,Gloves,3851,41,5539,6905.72,382,16,V002,10.1,6112,7334,Stockout Risk
"2025-12-05",109,Equipment,IV Drip,1593,605,3278,351.47,276,6,V001,5.8,1656,1987,Stockout Risk
"2025-12-06",105,Consumable,Surgical Mask,3054,76,5071,7061.15,222,14,V003,13.8,3108,3730,Stockout Risk
"2025-12-07",105,Equipment,Gloves,4500,157,1796,3616.63,391,10,V002,11.5,3910,4692,Potential Overstock
"2025-12-08",101,Equipment,X-ray Machine,1562,169,2262,5321.71,6,24,V001,260.3,144,173,Healthy
"2025-12-09",107,Equipment,IV Drip,1907,892,5745,12513.84,197,20,V002,9.7,3940,4728,Stockout Risk
"2025-12-10",108,Equipment,IV Drip,1080,797,1552,8862.24,451,23,V003,2.4,10373,12448,Stockout Risk
"2025-12-11",106,Equipment,X-ray Machine,1444,817,4880,14726.39,248,25,V003,5.8,6200,7440,Stockout Risk
"2025-12-12",104,Consumable,Ventilator,4913,945,3173,12740.92,425,14,V001,11.6,5950,7140,Stockout Risk
"2025-12-13",107,Consumable,Surgical Mask,3694,583,3149,6011.49,489,22,V001,7.6,10758,12910,Stockout Risk
"2025-12-14",103,Equipment,Gloves,2159,619,1657,6477.87,465,14,V001,4.6,6510,7812,Stockout Risk
"2025-12-15",105,Equipment,Gloves,3625,950,2102,15963.03,328,3,V003,11.1,984,1181,Potential Overstock
"2025-12-16",103,Consumable,Ventilator,2556,254,1215,10643.49,425,25,V002,6.0,10625,12750,Stockout Risk
"2025-12-17",106,Consumable,Gloves,4943,758,3137,2548.05,281,10,V001,17.6,2810,3372,Potential Overstock
"2025-12-18",104,Equipment,Gloves,1313,448,3244,11734.67,216,2,V002,6.1,432,518,Healthy
"2025-12-19",107,Equipment,IV Drip,1066,744,2577,2760.01,181,27,V003,5.9,4887,5864,Stockout Risk
"2025-12-20",103,Equipment,Surgical Mask,4174,132,5045,17374.23,379,14,V002,11.0,5306,6367,Stockout Risk
"2025-12-21",100,Equipment,IV Drip,3509,497,5937,2585.84,151,21,V001,23.2,3171,3805,Healthy
"2025-12-22",105,Consumable,X-ray Machine,4612,200,5084,13388.33,42,1,V001,109.8,42,50,Potential Overstock
"2025-12-23",109,Consumable,IV Drip,1735,214,3726,17936.26,263,26,V001,6.6,6838,8206,Stockout Risk
"2025-12-24",103,Consumable,Ventilator,3384,922,1499,1962.92,121,29,V003,28.0,3509,4211,Stockout Risk
"2025-12-25",107,Consumable,Surgical Mask,1351,90,2971,10604.88,207,15,V003,6.5,3105,3726,Stockout Risk
"2025-12-26",105,Consumable,Ventilator,3753,520,605,19161.84,52,5,V003,72.2,260,312,Potential Overstock
"2025-12-27",105,Consumable,Surgical Mask,3020,144,4973,5559.22,168,8,V002,18.0,1344,1613,Healthy
"2025-12-28",108,Equipment,Surgical Mask,4594,462,4856,5621.72,25,17,V001,183.8,425,510,Potential Overstock
"2025-12-29",100,Equipment,Surgical Mask,2485,823,2932,9401.31,32,10,V003,77.7,320,384,Potential Overstock
"2025-12-30",108,Consumable,Gloves,1450,990,767,18954.09,149,13,V003,9.7,1937,2324,Stockout Risk
"2025-12-31",103,Consumable,IV Drip,2749,516,679,16020.37,147,18,V001,18.7,2646,3175,Potential Overstock
"2026-01-01",106,Consumable,Gloves,2078,680,1111,5424.08,292,5,V001,7.1,1460,1752,Potential Overstock
"2026-01-02",109,Consumable,Gloves,1591,598,1464,4632.09,481,17,V001,3.3,8177,9812,Stockout Risk
"2026-01-03",103,Equipment,IV Drip,2883,901,1232,3972.74,213,17,V002,13.5,3621,4345,Stockout Risk
"2026-01-04",102,Equipment,Ventilator,1307,703,5508,8594.8,89,26,V002,14.7,2314,2777,Stockout Risk
"2026-01-05",107,Consumable,Surgical Mask,160,427,5480,16158.21,481,17,V003,0.3,8177,9812,Stockout Risk
"2026-01-06",100,Consumable,Ventilator,2718,612,1594,3046.47,92,4,V002,29.5,368,442,Potential Overstock
"2026-01-07",103,Equipment,Ventilator,1104,412,3308,12341.39,301,9,V003,3.7,2709,3251,Stockout Risk
"2026-01-08",100,Consumable,X-ray Machine,3988,144,2643,9446.07,357,23,V001,11.2,8211,9853,Stockout Risk
"2026-01-09",103,Equipment,Gloves,1845,642,1526,12926.59,467,3,V002,4.0,1401,1681,Potential Overstock
"2026-01-10",106,Equipment,Surgical Mask,178,140,5104,8070.0,151,1,V003,1.2,151,181,Healthy
"2026-01-11",101,Consumable,IV Drip,1935,164,3814,15196.56,483,26,V003,4.0,12558,15070,Stockout Risk
"2026-01-12",109,Consumable,Ventilator,2398,248,4405,6420.49,416,7,V002,5.8,2912,3494,Stockout Risk
"2026-01-13",102,Equipment,X-ray Machine,1310,291,2773,14443.49,179,22,V003,7.3,3938,4726,Stockout Risk
"2026-01-14",109,Equipment,X-ray Machine,4017,535,1946,19193.19,275,29,V001,14.6,7975,9570,Stockout Risk
"2026-01-15",104,Consumable,Ventilator,2725,969,3128,11585.05,79,23,V003,34.5,1817,2180,Potential Overstock
"2026-01-16",109,Equipment,Ventilator,3055,741,2386,12691.4,8,28,V001,381.9,224,269,Potential Overstock
"2026-01-17",101,Consumable,X-ray Machine,2352,584,5615,10496.26,12,26,V002,196.0,312,374,Healthy
"2026-01-18",103,Consumable,Gloves,3122,67,2883,9719.26,192,18,V002,16.3,3456,4147,Stockout Risk
"2026-01-19",102,Equipment,X-ray Machine,3907,303,5747,3371.35,203,5,V003,19.2,1015,1218,Healthy
"2026-01-20",104,Equipment,X-ray Machine,2511,951,4873,13751.14,442,5,V002,5.7,2210,2652,Healthy
"2026-01-21",109,Consumable,X-ray Machine,1677,415,4461,12123.63,315,3,V002,5.3,945,1134,Healthy
"2026-01-22",107,Consumable,Gloves,1060,117,5991,11057.94,39,26,V001,27.2,1014,1217,Healthy
"2026-01-23",104,Equipment,Gloves,1302,514,1626,6128.89,170,12,V001,7.7,2040,2448,Stockout Risk
"2026-01-24",109,Consumable,Gloves,1261,847,4868,7890.13,471,11,V002,2.7,5181,6217,Stockout Risk
"2026-01-25",104,Consumable,IV Drip,4209,827,2550,8664.16,449,3,V002,9.4,1347,1616,Potential Overstock
"2026-01-26",101,Consumable,IV Drip,1687,35,1201,13149.87,35,12,V003,48.2,420,504,Potential Overstock
"2026-01-27",102,Equipment,IV Drip,1793,278,5730,14518.01,210,13,V001,8.5,2730,3276,Stockout Risk
"2026-01-28",107,Equipment,IV Drip,2995,574,2836,6259.41,427,21,V002,7.0,8967,10760,Stockout Risk
"2026-01-29",102,Equipment,Surgical Mask,3099,848,731,12294.92,437,10,V003,7.1,4370,5244,Stockout Risk
"2026-01-30",103,Consumable,Surgical Mask,1823,953,4273,7407.8,71,27,V001,25.7,1917,2300,Stockout Risk
"2026-01-31",109,Equipment,Surgical Mask,1310,775,885,9704.49,132,4,V003,9.9,528,634,Potential Overstock
"2026-02-01",107,Equipment,Ventilator,2023,83,3864,1638.81,425,20,V002,4.8,8500,10200,Stockout Risk
"2026-02-02",106,Consumable,Surgical Mask,2724,916,4429,11573.76,380,7,V002,7.2,2660,3192,Healthy
"2026-02-03",106,Consumable,Ventilator,3297,594,764,17928.89,92,28,V002,35.8,2576,3091,Potential Overstock
"2026-02-04",102,Equipment,X-ray Machine,1780,484,3407,19068.13,461,11,V001,3.9,5071,6085,Stockout Risk
"2026-02-05",103,Equipment,Surgical Mask,317,154,1524,6693.04,168,17,V001,1.9,2856,3427,Stockout Risk
"2026-02-06",106,Equipment,Gloves,1979,361,663,3402.94,214,9,V002,9.2,1926,2311,Potential Overstock
"2026-02-07",100,Equipment,IV Drip,2906,872,5810,19532.82,282,26,V003,10.3,7332,8798,Stockout Risk
"2026-02-08",108,Consumable,Ventilator,4072,776,3496,15934.2,257,6,V002,15.8,1542,1850,Potential Overstock
"2026-02-09",100,Equipment,X-ray Machine,997,239,2186,5863.88,108,16,V002,9.2,1728,2074,Stockout Risk
"2026-02-10",107,Equipment,Surgical Mask,4193,304,4213,90.3,419,27,V001,10.0,11313,13576,Stockout Risk
"2026-02-11",106,Consumable,IV Drip,822,186,2385,5284.45,382,6,V003,2.2,2292,2750,Stockout Risk
"2026-02-12",105,Consumable,Gloves,3619,710,2807,19098.93,450,19,V003,8.0,8550,10260,Stockout Risk
